time,TAMB,seno_mes,cos_mes,media_movel_3m,media_movel_12m,std_movel_3m,std_movel_12m,TARGET
1991-12-01,26.519354838709678,-2.4492935982947064e-16,1.0,24.443082437275987,23.412251664106503,1.8667896784864981,2.128631565057842,25.835483870967742
1992-01-01,25.835483870967742,0.49999999999999994,0.8660254037844387,25.420501792114695,23.47649897593446,1.354877287952778,2.19367561202559,26.06551724137931
1992-02-01,26.06551724137931,0.8660254037844386,0.5000000000000001,26.140118650352246,23.48850636509702,0.3479854922200862,2.2086183324320534,26.029032258064515
1992-03-01,26.029032258064515,1.0,6.123233995736766e-17,25.976677790137188,23.53017303176369,0.12363082386570694,2.2548460314607763,25.043333333333337
1992-04-01,25.043333333333337,0.8660254037844387,-0.4999999999999998,25.712627610925722,23.583506365097023,0.5799128477757017,2.2847468277134686,23.738709677419354
1992-05-01,23.738709677419354,0.49999999999999994,-0.8660254037844387,24.937025089605736,23.69130206402175,1.148856154123146,2.2564970507530004,23.013333333333332
1992-06-01,23.013333333333332,1.2246467991473532e-16,-1.0,23.93179211469534,23.7482465084662,1.0286814962311421,2.2274558376169318,20.96451612903226
1992-07-01,20.96451612903226,-0.4999999999999997,-0.8660254037844388,22.572186379928315,23.79125726115437,1.4387478711894077,2.1619653975904067,20.51290322580645
1992-08-01,20.51290322580645,-0.8660254037844385,-0.5000000000000004,21.49691756272402,23.7737841428748,1.3325262269856122,2.1896907933095573,21.476666666666667
1992-09-01,21.476666666666667,-1.0,-1.8369701987210297e-16,20.98469534050179,23.834061920652577,0.4821984994961547,2.107394517020877,23.05806451612903
1992-10-01,23.05806451612903,-0.8660254037844386,0.5000000000000001,21.68254480286738,23.84696514645903,1.2850100597517664,2.101643217181135,23.533333333333335
1992-11-01,23.533333333333335,-0.5000000000000004,0.8660254037844384,22.689354838709676,23.815854035347915,1.0767681106493858,2.1034415989782254,24.261290322580646
1992-12-01,24.261290322580646,-2.4492935982947064e-16,1.0,23.617562724014334,23.62768199233717,0.6060189997175246,1.9337604543382856,26.641935483870967
1993-01-01,26.641935483870967,0.49999999999999994,0.8660254037844387,24.812186379928317,23.694886293412434,1.6258741286097946,2.0291257051729885,26.521428571428572
1993-02-01,26.521428571428572,0.8660254037844386,0.5000000000000001,25.808218125960064,23.732878904249873,1.3410330721640458,2.081148968010152,26.348387096774193
1993-03-01,26.348387096774193,1.0,6.123233995736766e-17,26.503917050691243,23.75949180747568,0.14755559599896179,2.1149479946122307,25.33
1993-04-01,25.33,0.8660254037844387,-0.4999999999999998,26.066605222734253,23.783380696364564,0.6437594881686132,2.132315301394634,22.758064516129032
1993-05-01,22.758064516129032,0.49999999999999994,-0.8660254037844387,24.81215053763441,23.70166026625704,1.85033243162596,2.1528753081177543,21.066666666666666
1993-06-01,21.066666666666666,1.2246467991473532e-16,-1.0,23.0515770609319,23.539438044034814,2.146768498987548,2.2790986600774636,21.461290322580645
1993-07-01,21.461290322580645,-0.4999999999999997,-0.8660254037844388,21.76200716845878,23.580835893497184,0.8848896187308659,2.2321027067152133,20.299999999999997
1993-08-01,20.299999999999997,-0.8660254037844385,-0.5000000000000004,20.9426523297491,23.56309395801331,0.5904942592021666,2.25938453843797,21.720000000000002
1993-09-01,21.720000000000002,-1.0,-1.8369701987210297e-16,21.16043010752688,23.58337173579109,0.7562986524856887,2.239965211876534,23.870967741935484
1993-10-01,23.870967741935484,-0.8660254037844386,0.5000000000000001,21.963655913978496,23.65111367127496,1.7979095658009263,2.234920820326789,25.966666666666665
1993-11-01,25.966666666666665,-0.5000000000000004,0.8660254037844384,23.852544802867385,23.85389144905274,2.123393274444777,2.3315634501916933,26.16774193548387
1993-12-01,26.16774193548387,-2.4492935982947064e-16,1.0,25.335125448028673,24.012762416794672,1.2719772628339094,2.4249296102938427,25.693548387096776
1994-01-01,25.693548387096776,0.49999999999999994,0.8660254037844387,25.942652329749105,23.933730158730157,0.23800713564109677,2.3456082182981506,28.864285714285717
1994-02-01,28.864285714285717,0.8660254037844386,0.5000000000000001,26.90852534562212,24.128968253968253,1.7102525676224651,2.6573643315507103,25.641935483870967
1994-03-01,25.641935483870967,1.0,6.123233995736766e-17,26.733256528417822,24.070097286226318,1.8457058314396486,2.6111491278296417,24.073333333333334
1994-04-01,24.073333333333334,0.8660254037844387,-0.4999999999999998,26.193184843830007,23.965375064004096,2.4425832783714165,2.5810525010214724,23.774193548387096
1994-05-01,23.774193548387096,0.49999999999999994,-0.8660254037844387,24.496487455197137,24.050052483358936,1.003199652376801,2.5543734434039562,20.91
1994-06-01,20.91,1.2246467991473532e-16,-1.0,22.919175627240147,24.036996927803383,1.7464138050749196,2.571351852955577,20.96451612903226
1994-07-01,20.96451612903226,-0.4999999999999997,-0.8660254037844388,21.882903225806455,23.995599078341012,1.638132264286543,2.6201259898233693,20.625806451612902
1994-08-01,20.625806451612902,-0.8660254037844385,-0.5000000000000004,20.833440860215052,24.022749615975425,0.18187093722707104,2.5797263104836405,21.9
1994-09-01,21.9,-1.0,-1.8369701987210297e-16,21.163440860215054,24.037749615975425,0.6599777164381718,2.5656042411675437,23.54516129032258
1994-10-01,23.54516129032258,-0.8660254037844386,0.5000000000000001,22.02365591397849,24.010599078341013,1.4636004432121454,2.56925099785912,25.096666666666668
1994-11-01,25.096666666666668,-0.5000000000000004,0.8660254037844384,23.513942652329746,23.938099078341015,1.5985619778297684,2.5208552839050897,26.41290322580645
1994-12-01,26.41290322580645,-2.4492935982947064e-16,1.0,25.018243727598563,23.958529185867892,1.4354785160921808,2.541477104732878,27.651612903225807
1995-01-01,27.651612903225807,0.49999999999999994,0.8660254037844387,26.38706093189964,24.12170122887865,1.277669141852709,2.719612922659016,26.682142857142857
1995-02-01,26.682142857142857,0.8660254037844386,0.5000000000000001,26.915552995391703,23.93985599078341,0.6515064356635546,2.431351670146064,26.093548387096774
1995-03-01,26.093548387096774,1.0,6.123233995736766e-17,26.80910138248848,23.97749039938556,0.7867528897140955,2.4633772186640144,24.116666666666667
1995-04-01,24.116666666666667,0.8660254037844387,-0.4999999999999998,25.6307859703021,23.98110151049667,1.3438857138065148,2.4635622437966918,22.47741935483871
1995-05-01,22.47741935483871,0.49999999999999994,-0.8660254037844387,24.22921146953405,23.87303699436764,1.8106896597634394,2.5016111547337565,21.223333333333336
1995-06-01,21.223333333333336,1.2246467991473532e-16,-1.0,22.605806451612903,23.899148105478748,1.4509331064553037,2.4692987934413106,21.9
1995-07-01,21.9,-0.4999999999999997,-0.8660254037844388,21.866917562724012,23.977105094726067,0.6276971985566863,2.381432010912471,22.774193548387096
1995-08-01,22.774193548387096,-0.8660254037844385,-0.5000000000000004,21.965842293906814,24.15613735279058,0.7775237986128528,2.178710328454054,22.336666666666666
1995-09-01,22.336666666666666,-1.0,-1.8369701987210297e-16,22.33695340501792,24.192526241679463,0.43709684473190996,2.1409215020348893,22.096774193548388
1995-10-01,22.096774193548388,-0.8660254037844386,0.5000000000000001,22.402544802867382,24.071827316948287,0.3434809924864923,2.220099714354654,23.383333333333333
1995-11-01,23.383333333333333,-0.5000000000000004,0.8660254037844384,22.605591397849462,23.929049539170506,0.6841410587900475,2.203228468020812,24.596774193548388
1995-12-01,24.596774193548388,-2.4492935982947064e-16,1.0,23.358960573476704,23.777705453149007,1.2501781967252819,2.075787675125574,27.164516129032258
1996-01-01,27.164516129032258,0.49999999999999994,0.8660254037844387,25.048207885304663,23.73711405529954,1.9305906135589392,1.9963920838670977,26.896551724137932
1996-02-01,26.896551724137932,0.8660254037844386,0.5000000000000001,26.219280682239525,23.754981460882462,1.411505122185598,2.0258873630898915,25.88064516129032
1996-03-01,25.88064516129032,1.0,6.123233995736766e-17,26.647237671486835,23.737239525398593,0.6772734219571765,2.0043631786396774,24.596666666666668
1996-04-01,24.596666666666668,0.8660254037844387,-0.4999999999999998,25.791287850698307,23.77723952539859,1.1525434335034992,2.017370911187705,21.225806451612904
1996-05-01,21.225806451612904,0.49999999999999994,-0.8660254037844387,23.901039426523297,23.672938450129777,2.4041222506769313,2.1204067579113173,20.333333333333332
1996-06-01,20.333333333333332,1.2246467991473532e-16,-1.0,22.051935483870967,23.598771783463107,2.2485261086392807,2.226774303449237,19.27741935483871
1996-07-01,19.27741935483871,-0.4999999999999997,-0.8660254037844388,20.278853046594985,23.380223396366333,0.9753354017728264,2.518276146558424,19.81935483870968
1996-08-01,19.81935483870968,-0.8660254037844385,-0.5000000000000004,19.810035842293903,23.133986837226548,0.5280186694291509,2.7193546300740796,20.853333333333335
1996-09-01,20.853333333333335,-1.0,-1.8369701987210297e-16,19.983369175627242,23.010375726115438,0.8006570701240139,2.7916448412119133,22.496774193548386
1996-10-01,22.496774193548386,-0.8660254037844386,0.5000000000000001,21.056487455197132,23.04370905944877,1.3502212034844228,2.782116191853849,23.1
1996-11-01,23.1,-0.5000000000000004,0.8660254037844384,22.150035842293907,23.02009794833766,1.162776156855133,2.7801734701026826,25.299999999999997
1996-12-01,25.299999999999997,-2.4492935982947064e-16,1.0,23.632258064516126,23.07870009887529,1.4754635596723245,2.823502734369,25.729032258064517
1997-01-01,25.729032258064517,0.49999999999999994,0.8660254037844387,24.709677419354836,22.959076442961315,1.4104301526132534,2.660357028226504,26.175
1997-02-01,26.175,0.8660254037844386,0.5000000000000001,25.73467741935484,22.898947132616488,0.4375273144439444,2.569887882613924,24.780645161290323
1997-03-01,24.780645161290323,1.0,6.123233995736766e-17,25.561559139784947,22.80728046594982,0.7121037761927794,2.4716022044019237,23.636666666666667
1997-04-01,23.636666666666667,0.8660254037844387,-0.4999999999999998,24.86410394265233,22.72728046594982,1.271223054352629,2.423486791596555,21.799999999999997
1997-05-01,21.799999999999997,0.49999999999999994,-0.8660254037844387,23.405770609318996,22.775129928315412,1.503677537357958,2.3966666342631266,21.15666666666667
1997-06-01,21.15666666666667,1.2246467991473532e-16,-1.0,22.197777777777777,22.843741039426522,1.2869616817801395,2.331302472807799,21.41290322580645
1997-07-01,21.41290322580645,-0.4999999999999997,-0.8660254037844388,21.456523297491042,23.021698028673836,0.3238772567420467,2.10482790545877,21.26451612903226
1997-08-01,21.26451612903226,-0.8660254037844385,-0.5000000000000004,21.278028673835127,23.14212813620072,0.12865160399395068,1.939820774760305,22.566666666666666
1997-09-01,22.566666666666666,-1.0,-1.8369701987210297e-16,21.748028673835123,23.284905913978495,0.7128329433343402,1.815085756738581,22.94193548387097
1997-10-01,22.94193548387097,-0.8660254037844386,0.5000000000000001,22.257706093189967,23.322002688172045,0.8803558371301726,1.8020155989331184,24.813333333333333
1997-11-01,24.813333333333333,-0.5000000000000004,0.8660254037844384,23.440645161290323,23.464780465949826,1.2034995988954809,1.850061875635926,26.22258064516129
1997-12-01,26.22258064516129,-2.4492935982947064e-16,1.0,24.659283154121866,23.541662186379927,1.6457389713623347,1.9497440364305312,27.080645161290324
1998-01-01,27.080645161290324,0.49999999999999994,0.8660254037844387,26.03885304659498,23.654296594982082,1.1447674891237496,2.1192643326861176,27.099999999999998
1998-02-01,27.099999999999998,0.8660254037844386,0.5000000000000001,26.801075268817204,23.73137992831541,0.5010844985075387,2.2330516959716533,26.60967741935484
1998-03-01,26.60967741935484,1.0,6.123233995736766e-17,26.930107526881716,23.883799283154122,0.2776693047542762,2.3694375559448537,25.17
1998-04-01,25.17,0.8660254037844387,-0.4999999999999998,26.293225806451613,24.011577060931902,1.0031606140005003,2.396093211775787,22.041935483870965
1998-05-01,22.041935483870965,0.49999999999999994,-0.8660254037844387,24.607204301075267,24.03173835125448,2.335298877304715,2.376732412918958,20.163333333333334
1998-06-01,20.163333333333334,1.2246467991473532e-16,-1.0,22.4584229390681,23.9489605734767,2.5291844788449516,2.5000676509764572,20.529032258064515
1998-07-01,20.529032258064515,-0.4999999999999997,-0.8660254037844388,20.911433691756272,23.87530465949821,0.9959717126345724,2.592873824051502,22.629032258064516
1998-08-01,22.629032258064516,-0.8660254037844385,-0.5000000000000004,21.107132616487455,23.989014336917563,1.3306268504586993,2.4960834922090354,22.35666666666667
1998-09-01,22.35666666666667,-1.0,-1.8369701987210297e-16,21.838243727598567,23.97151433691756,1.1419596130397898,2.50767135410829,22.36774193548387
1998-10-01,22.36774193548387,-0.8660254037844386,0.5000000000000001,22.451146953405015,23.92366487455197,0.15415268925706235,2.5344382607079536,22.61
1998-11-01,22.61,-0.5000000000000004,0.8660254037844384,22.444802867383515,23.74005376344086,0.14317204637555653,2.5439196532720882,25.593548387096774
1998-12-01,25.593548387096774,-2.4492935982947064e-16,1.0,23.52376344086021,23.68763440860215,1.7965743889987957,2.4941081182670226,26.583870967741937
1999-01-01,26.583870967741937,0.49999999999999994,0.8660254037844387,24.929139784946234,23.646236559139783,2.0685723845261803,2.436118880832214,26.90357142857143
1999-02-01,26.90357142857143,0.8660254037844386,0.5000000000000001,26.360330261136713,23.62986751152074,0.6830211767806837,2.4113361142466676,25.896774193548385
1999-03-01,25.896774193548385,1.0,6.123233995736766e-17,26.461405529953918,23.5704589093702,0.5144497115384977,2.338943169441625,23.886666666666667
1999-04-01,23.886666666666667,0.8660254037844387,-0.4999999999999998,25.56233742959549,23.46351446492575,1.5360060375576055,2.287941053822787,21.358064516129033
1999-05-01,21.358064516129033,0.49999999999999994,-0.8660254037844387,23.71383512544803,23.40652521761393,2.2742854790472147,2.33461066092685,20.39
1999-06-01,20.39,1.2246467991473532e-16,-1.0,21.87824372759857,23.425414106502814,1.8054387980427848,2.3067357027942417,20.316129032258065
1999-07-01,20.316129032258065,-0.4999999999999997,-0.8660254037844388,20.68806451612903,23.407672171018948,0.581411411969763,2.331721450962471,19.951612903225808
1999-08-01,19.951612903225808,-0.8660254037844385,-0.5000000000000004,20.219247311827957,23.184553891449056,0.23470271082696076,2.532459431999911,21.87
1999-09-01,21.87,-1.0,-1.8369701987210297e-16,20.712580645161292,23.1439983358935,1.0187898086933809,2.550753474448239,21.029032258064515
1999-10-01,21.029032258064515,-0.8660254037844386,0.5000000000000001,20.95021505376344,23.03243919610855,0.9616191434438598,2.61622452422402,21.95
1999-11-01,21.95,-0.5000000000000004,0.8660254037844384,21.616344086021503,22.97743919610855,0.5101974004672566,2.6327976497794565,24.496774193548386
1999-12-01,24.496774193548386,-2.4492935982947064e-16,1.0,22.491935483870964,22.886041346646184,1.796268099223256,2.5515052036033183,25.94516129032258
2000-01-01,25.94516129032258,0.49999999999999994,0.8660254037844387,24.13064516129032,22.832815540194574,2.0225890054876774,2.472801906002754,25.624137931034483
2000-02-01,25.624137931034483,0.8660254037844386,0.5000000000000001,25.35535780496848,22.726196082066494,0.7606828265785477,2.303086004991614,25.067741935483873
2000-03-01,25.067741935483873,1.0,6.123233995736766e-17,25.545680385613647,22.65711006056112,0.44394016588554913,2.2098797477055245,23.936666666666667
2000-04-01,23.936666666666667,0.8660254037844387,-0.4999999999999998,24.87618217772834,22.661276727227783,0.8598902096257849,2.2124544334246976,21.72258064516129
2000-05-01,21.72258064516129,0.49999999999999994,-0.8660254037844387,23.575663082437277,22.69165307131381,1.7015489136189863,2.1953715034498513,20.926666666666666
2000-06-01,20.926666666666666,1.2246467991473532e-16,-1.0,22.19530465949821,22.736375293536028,1.55968778776331,2.149202508368062,19.44516129032258
2000-07-01,19.44516129032258,-0.4999999999999997,-0.8660254037844388,20.698136200716846,22.663794648374736,1.155780844212594,2.2506780370454287,20.335483870967742
2000-08-01,20.335483870967742,-0.8660254037844385,-0.5000000000000004,20.235770609318998,22.695783895686564,0.7457691304588974,2.2110032565448825,21.533333333333335
2000-09-01,21.533333333333335,-1.0,-1.8369701987210297e-16,20.43799283154122,22.66772834013101,1.0478533702532828,2.2245288837729738,24.370967741935484
2000-10-01,24.370967741935484,-0.8660254037844386,0.5000000000000001,22.07992831541219,22.946222963786923,2.0725243241118867,2.209870519608014,24.323333333333334
2000-11-01,24.323333333333334,-0.5000000000000004,0.8660254037844384,23.409211469534053,23.1440007415647,1.6247326997471219,2.218791338288435,25.683870967741935
2000-12-01,25.683870967741935,-2.4492935982947064e-16,1.0,24.792724014336915,23.242925472747498,0.7721233247629553,2.3092087695622703,26.938709677419357
2001-01-01,26.938709677419357,0.49999999999999994,0.8660254037844387,25.648637992831542,23.325721171672228,1.3080441036876385,2.4295786671064685,27.782142857142855
2001-02-01,27.782142857142855,0.8660254037844386,0.5000000000000001,26.801574500768044,23.505554915514594,1.055836527578477,2.6819306144873662,26.822580645161292
2001-03-01,26.822580645161292,1.0,6.123233995736766e-17,27.18114439324117,23.651791474654377,0.5237087484876581,2.819185566809862,25.75
2001-04-01,25.75,0.8660254037844387,-0.4999999999999998,26.784907834101386,23.80290258576549,1.016595090721525,2.883703272265047,22.693548387096776
2001-05-01,22.693548387096776,0.49999999999999994,-0.8660254037844387,25.088709677419356,23.883816564260112,2.1424764911402066,2.8332049421386603,22.123333333333335
2001-06-01,22.123333333333335,1.2246467991473532e-16,-1.0,23.522293906810035,23.983538786482338,1.9502030997081627,2.739156872868769,21.174193548387095
2001-07-01,21.174193548387095,-0.4999999999999997,-0.8660254037844388,21.99702508960573,24.127624807987715,0.7675122870695209,2.51503126866639,21.906451612903226
2001-08-01,21.906451612903226,-0.8660254037844385,-0.5000000000000004,21.734659498207886,24.258538786482333,0.4973439261169848,2.3340721525269936,21.616666666666667
2001-09-01,21.616666666666667,-1.0,-1.8369701987210297e-16,21.565770609319,24.26548323092678,0.3687726599847949,2.3253344974844627,22.448387096774194
2001-10-01,22.448387096774194,-0.8660254037844386,0.5000000000000001,21.990501792114696,24.10526817716334,0.4221824758721844,2.382925451745951,24.09333333333333
2001-11-01,24.09333333333333,-0.5000000000000004,0.8660254037844384,22.719462365591397,24.086101510496672,1.260389144458011,2.3819368072144678,25.09032258064516
2001-12-01,25.09032258064516,-2.4492935982947064e-16,1.0,23.877347670250895,24.036639144905276,1.3341450933938768,2.351712855483293,26.016129032258064
2002-01-01,26.016129032258064,0.49999999999999994,0.8660254037844387,25.06659498207885,23.959757424475168,0.9616174260854236,2.261566716647176,25.782142857142855
2002-02-01,25.782142857142855,0.8660254037844386,0.5000000000000001,25.629531490015356,23.7930907578085,0.4814011513222943,2.01446246131015,27.37741935483871
2002-03-01,27.37741935483871,1.0,6.123233995736766e-17,26.39189708141321,23.839327316948285,0.8614685113802107,2.095072091825523,25.826666666666664
2002-04-01,25.826666666666664,0.8660254037844387,-0.4999999999999998,26.328742959549412,23.845716205837174,0.9084532067924007,2.1015352730752066,23.85483870967742
2002-05-01,23.85483870967742,0.49999999999999994,-0.8660254037844387,25.6863082437276,23.942490399385562,1.7654798117179693,2.0701595271613082,23.029999999999998
2002-06-01,23.029999999999998,1.2246467991473532e-16,-1.0,24.23716845878136,24.018045954941115,1.4369997003821877,2.0134991645293288,21.032258064516128
2002-07-01,21.032258064516128,-0.4999999999999997,-0.8660254037844388,22.639032258064514,24.006217997951868,1.4513380743421904,2.0320549775738734,23.258064516129032
2002-08-01,23.258064516129032,-0.8660254037844385,-0.5000000000000004,22.440107526881718,24.118852406554023,1.224554383190683,1.940482563958107,21.56
2002-09-01,21.56,-1.0,-1.8369701987210297e-16,21.95010752688172,24.1141301843318,1.1630526651478976,1.9471826491420603,24.88064516129032
2002-10-01,24.88064516129032,-0.8660254037844386,0.5000000000000001,23.23290322580645,24.31681835637481,1.6604655641410226,1.8835792377917289,25.46333333333333
2002-11-01,25.46333333333333,-0.5000000000000004,0.8660254037844384,23.96799283154122,24.430985023041472,2.105636123366306,1.9101337625453851,26.093548387096774
2002-12-01,26.093548387096774,-2.4492935982947064e-16,1.0,25.479175627240142,24.514587173579113,0.6066067857352946,1.9628420949946186,26.677419354838708
2003-01-01,26.677419354838708,0.49999999999999994,0.8660254037844387,26.07810035842294,24.569694700460825,0.6071904133763546,2.017356799140227,28.275000000000002
2003-02-01,28.275000000000002,0.8660254037844386,0.5000000000000001,27.01532258064516,24.777432795698925,1.1292992195903564,2.2665233376454017,26.54516129032258
2003-03-01,26.54516129032258,1.0,6.123233995736766e-17,27.165860215053765,24.708077956989246,0.962816880730908,2.191214300962562,25.333333333333332
2003-04-01,25.333333333333332,0.8660254037844387,-0.4999999999999998,26.71783154121864,24.666966845878136,1.478415353039492,2.1728708145283337,22.73225806451613
2003-05-01,22.73225806451613,0.49999999999999994,-0.8660254037844387,24.870250896057346,24.57341845878136,1.9481765218086398,2.234310422260663,22.546666666666667
2003-06-01,22.546666666666667,1.2246467991473532e-16,-1.0,23.537419354838708,24.533140681003584,1.5580729460950113,2.268753930897459,21.293548387096774
2003-07-01,21.293548387096774,-0.4999999999999997,-0.8660254037844388,22.19082437275986,24.55491487455197,0.7825849395270826,2.2330732622197744,20.62258064516129
2003-08-01,20.62258064516129,-0.8660254037844385,-0.5000000000000004,21.487598566308247,24.33529121863799,0.97661064840448,2.487338759972948,21.516666666666666
2003-09-01,21.516666666666666,-1.0,-1.8369701987210297e-16,21.144265232974913,24.33168010752688,0.46536173944703274,2.4917617300132764,23.151612903225807
2003-10-01,23.151612903225807,-0.8660254037844386,0.5000000000000001,21.763620071684585,24.187594086021505,1.2824743774322025,2.5070755927980555,24.490000000000002
2003-11-01,24.490000000000002,-0.5000000000000004,0.8660254037844384,23.052759856630825,24.106482974910392,1.4891295180049227,2.4776216394241377,25.638709677419353
2003-12-01,25.638709677419353,-2.4492935982947064e-16,1.0,24.426774193548386,24.068579749103943,1.2447532759555453,2.4477586915162344,25.270967741935483
2004-01-01,25.270967741935483,0.49999999999999994,0.8660254037844387,25.133225806451616,23.951375448028674,0.5866115506383629,2.3429119284536553,25.055172413793105
2004-02-01,25.055172413793105,0.8660254037844386,0.5000000000000001,25.32161661104931,23.683056482511432,0.29504731055711086,1.9550005119167313,24.883870967741935
2004-03-01,24.883870967741935,1.0,6.123233995736766e-17,25.070003707823506,23.54461562229638,0.1939741055133883,1.7853601127264422,24.933333333333334
2004-04-01,24.933333333333334,0.8660254037844387,-0.4999999999999998,24.957458904956127,23.511282288963045,0.08816222977778977,1.7523571281691477,22.27741935483871
2004-05-01,22.27741935483871,0.49999999999999994,-0.8660254037844387,24.031541218637994,23.47337906315659,1.519315393918078,1.775505297980111,21.183333333333334
2004-06-01,21.183333333333334,1.2246467991473532e-16,-1.0,22.798028673835123,23.359767952045484,1.928445111292869,1.8806970047098062,20.5258064516129
2004-07-01,20.5258064516129,-0.4999999999999997,-0.8660254037844388,21.328853046594983,23.29578945742183,0.8848270627063182,1.9683908744508318,20.79032258064516
2004-08-01,20.79032258064516,-0.8660254037844385,-0.5000000000000004,20.833154121863796,23.30976795204548,0.3308493701648787,1.9481731096726749,22.923333333333336
2004-09-01,22.923333333333336,-1.0,-1.8369701987210297e-16,21.413154121863798,23.426990174267704,1.314523919027534,1.8712754527348463,22.51290322580645
2004-10-01,22.51290322580645,-0.8660254037844386,0.5000000000000001,22.075519713261645,23.37376436781609,1.131773815987661,1.888821578039881,24.08
2004-11-01,24.08,-0.5000000000000004,0.8660254037844384,23.172078853046596,23.339597701149426,0.8126215755842009,1.8704130544939583,24.61935483870968
2004-12-01,24.61935483870968,-2.4492935982947064e-16,1.0,23.73741935483871,23.254651464590285,1.0942146604779774,1.7773362866194802,25.809677419354838
2005-01-01,25.809677419354838,0.49999999999999994,0.8660254037844387,24.8363440860215,23.299543937708563,0.8850193465925916,1.838641032803569,25.332142857142856
2005-02-01,25.332142857142856,0.8660254037844386,0.5000000000000001,25.25372503840246,23.322624807987708,0.5990233528172394,1.8642435371770674,26.116129032258065
2005-03-01,26.116129032258065,1.0,6.123233995736766e-17,25.75264976958525,23.42531298003072,0.3950920086784924,1.9878970518549495,25.546666666666667
2005-04-01,25.546666666666667,0.8660254037844387,-0.4999999999999998,25.664979518689194,23.476424091141833,0.40516296586460154,2.0374616450643233,23.503225806451614
2005-05-01,23.503225806451614,0.49999999999999994,-0.8660254037844387,25.055340501792116,23.57857462877624,1.3739966765153226,2.002308637829401,22.176666666666666
2005-06-01,22.176666666666666,1.2246467991473532e-16,-1.0,23.742186379928313,23.66135240655402,1.6976606306200182,1.9128174801797613,20.838709677419356
2005-07-01,20.838709677419356,-0.4999999999999997,-0.8660254037844388,22.172867383512543,23.68742767537122,1.3322621275043816,1.8677911685477886,22.774193548387096
2005-08-01,22.774193548387096,-0.8660254037844385,-0.5000000000000004,21.929856630824375,23.85275025601639,0.9910655119810651,1.6648200097936543,21.956666666666667
2005-09-01,21.956666666666667,-1.0,-1.8369701987210297e-16,21.856523297491037,23.77219470046083,0.9716202830768396,1.735755772157638,24.46451612903226
2005-10-01,24.46451612903226,-0.8660254037844386,0.5000000000000001,23.06512544802867,23.934829109062978,1.2789872005393703,1.6980583467422046,23.89333333333333
2005-11-01,23.89333333333333,-0.5000000000000004,0.8660254037844384,23.438172043010752,23.919273553507427,1.3144223376174937,1.6974624710397956,24.6
2005-12-01,24.6,-2.4492935982947064e-16,1.0,24.319283154121862,23.91766065028162,0.375051872672785,1.6967458350955757,26.148387096774194
2006-01-01,26.148387096774194,0.49999999999999994,0.8660254037844387,24.88057347670251,23.945886456733234,1.153411451249655,1.7335004887348862,26.900000000000002
2006-02-01,26.900000000000002,0.8660254037844386,0.5000000000000001,25.882795698924735,24.076541218637995,1.1727762331146905,1.8986956146025307,26.6
2006-03-01,26.6,1.0,6.123233995736766e-17,26.5494623655914,24.116863799283156,0.37834643971176796,1.9503824858372256,24.73
2006-04-01,24.73,0.8660254037844387,-0.4999999999999998,26.076666666666668,24.048808243727596,1.1758542993642116,1.909781789272707,21.783870967741933
2006-05-01,21.783870967741933,0.49999999999999994,-0.8660254037844387,24.371290322580645,23.905528673835125,2.4280196021336846,2.015978525217444,21.40666666666667
2006-06-01,21.40666666666667,1.2246467991473532e-16,-1.0,22.640179211469533,23.84136200716846,1.8196384166415824,2.0870118419584545,21.34193548387097
2006-07-01,21.34193548387097,-0.4999999999999997,-0.8660254037844388,21.510824372759856,23.88329749103943,0.23866998927363228,2.0253374943798272,22.261290322580646
2006-08-01,22.261290322580646,-0.8660254037844385,-0.5000000000000004,21.669964157706094,23.840555555555554,0.5131252346701861,2.0560506018243774,21.959999999999997
2006-09-01,21.959999999999997,-1.0,-1.8369701987210297e-16,21.85440860215054,23.840833333333336,0.46868484863439785,2.055773151966568,23.0258064516129
2006-10-01,23.0258064516129,-0.8660254037844386,0.5000000000000001,22.415698924731185,23.720940860215055,0.5494245720646039,2.0580448334802735,23.913333333333334
2006-11-01,23.913333333333334,-0.5000000000000004,0.8660254037844384,22.96637992831541,23.722607526881717,0.9780216825465105,2.058205225838427,25.825806451612905
2006-12-01,25.825806451612905,-2.4492935982947064e-16,1.0,24.254982078853047,23.824758064516132,1.4309237921658668,2.1347068703474035,25.280645161290323
2007-01-01,25.280645161290323,0.49999999999999994,0.8660254037844387,25.006594982078855,23.752446236559138,0.9852491982132466,2.0623092749026353,26.59642857142857
2007-02-01,26.59642857142857,0.8660254037844386,0.5000000000000001,25.900960061443936,23.72714861751152,0.661103278165933,2.0216504551702013,27.229032258064517
2007-03-01,27.229032258064517,1.0,6.123233995736766e-17,26.368701996927808,23.779567972350232,0.9939555393826537,2.109172967879179,25.953333333333333
2007-04-01,25.953333333333333,0.8660254037844387,-0.4999999999999998,26.592931387608804,23.881512416794678,0.6378566526744978,2.187400687847343,22.14516129032258
2007-05-01,22.14516129032258,0.49999999999999994,-0.8660254037844387,25.109175627240145,23.911619943676396,2.6449740412203866,2.1581953211940528,21.676666666666666
2007-06-01,21.676666666666666,1.2246467991473532e-16,-1.0,23.258387096774197,23.934119943676397,2.345617875221097,2.1309414846084445,20.861290322580647
2007-07-01,20.861290322580647,-0.4999999999999997,-0.8660254037844388,21.561039426523298,23.894066180235537,0.6496987066709188,2.1878515338966893,21.187096774193545
2007-08-01,21.187096774193545,-0.8660254037844385,-0.5000000000000004,21.24168458781362,23.80455005120328,0.4104199284518909,2.280733661740106,22.69333333333333
2007-09-01,22.69333333333333,-1.0,-1.8369701987210297e-16,21.580573476702508,23.865661162314385,0.9773501598070007,2.2362067980806555,23.41290322580645
2007-10-01,23.41290322580645,-0.8660254037844386,0.5000000000000001,22.431111111111107,23.897919226830513,1.1358362383638976,2.225757809720934,23.903333333333332
2007-11-01,23.903333333333332,-0.5000000000000004,0.8660254037844384,23.336523297491038,23.89708589349718,0.608605307310918,2.2257533859839183,25.725806451612904
2007-12-01,25.725806451612904,-2.4492935982947064e-16,1.0,24.347347670250898,23.888752560163848,1.2187050018473322,2.2180495535584894,25.374193548387098
2008-01-01,25.374193548387098,0.49999999999999994,0.8660254037844387,25.00111111111111,23.89654825908858,0.9668220857354111,2.2235439093281513,25.76551724137931
2008-02-01,25.76551724137931,0.8660254037844386,0.5000000000000001,25.621839080459768,23.82730564825114,0.2153844675752809,2.1433147558640497,25.40967741935484
2008-03-01,25.40967741935484,1.0,6.123233995736766e-17,25.51646273637375,23.675692745025334,0.21641600246384887,1.9350381343371543,24.39333333333333
2008-04-01,24.39333333333333,0.8660254037844387,-0.4999999999999998,25.189509331355826,23.545692745025335,0.7120938558960934,1.8169069561209665,21.961290322580645
2008-05-01,21.961290322580645,0.49999999999999994,-0.8660254037844387,23.921433691756274,23.530370164380177,1.7719651085983772,1.830516197989309,21.013333333333332
2008-06-01,21.013333333333332,1.2246467991473532e-16,-1.0,22.45598566308244,23.475092386602398,1.743457085773981,1.9002697229826964,20.416129032258063
2008-07-01,20.416129032258063,-0.4999999999999997,-0.8660254037844388,21.130250896057348,23.437995612408844,0.7791874874718003,1.959361137681048,22.125806451612902
2008-08-01,22.125806451612902,-0.8660254037844385,-0.5000000000000004,21.185089605734763,23.516221418860457,0.8676833422364829,1.8783919679704213,21.256666666666668
2008-09-01,21.256666666666668,-1.0,-1.8369701987210297e-16,21.266200716845876,23.396499196638235,0.8548785838628586,1.9787131306994579,23.1
2008-10-01,23.1,-0.8660254037844386,0.5000000000000001,22.16082437275986,23.370423927821037,0.9221654599611657,1.9805381691792412,23.15
2008-11-01,23.15,-0.5000000000000004,0.8660254037844384,22.50222222222222,23.307646150043258,1.0789724192403398,1.9740394100379905,23.86774193548387
2008-12-01,23.86774193548387,-2.4492935982947064e-16,1.0,23.372580645161293,23.152807440365837,0.4295503783904305,1.8351035454764042,25.712903225806453
2009-01-01,25.712903225806453,0.49999999999999994,0.8660254037844387,24.243548387096777,23.18103324681745,1.3221350547571393,1.8745576225955909,26.664285714285715
2009-02-01,26.664285714285715,0.8660254037844386,0.5000000000000001,25.414976958525347,23.25593061955965,1.4218770418854452,2.0009044300787537,26.016129032258064
2009-03-01,26.016129032258064,1.0,6.123233995736766e-17,26.13110599078341,23.30646825396825,0.4860009625403369,2.066820687374077,23.776666666666664
2009-04-01,23.776666666666664,0.8660254037844387,-0.4999999999999998,25.48569380440348,23.255079365079364,1.5151260968166957,2.0448904465671607,22.719354838709677
2009-05-01,22.719354838709677,0.49999999999999994,-0.8660254037844387,24.170716845878133,23.318251408090116,1.6833409276240159,2.012745039187763,20.163333333333334
2009-06-01,20.163333333333334,1.2246467991473532e-16,-1.0,22.219784946236558,23.247418074756784,1.8577464850036791,2.1136616421891206,20.809677419354838
2009-07-01,20.809677419354838,-0.4999999999999997,-0.8660254037844388,21.230788530465947,23.28021377368152,1.3290268657601874,2.0683040061559512,21.293548387096774
2009-08-01,21.293548387096774,-0.8660254037844385,-0.5000000000000004,20.75551971326165,23.21085893497184,0.5670505354773427,2.123743651065845,23.226666666666667
2009-09-01,23.226666666666667,-1.0,-1.8369701987210297e-16,21.77663082437276,23.37502560163851,1.2788611090765423,2.0331599270685534,23.161290322580644
2009-10-01,23.161290322580644,-0.8660254037844386,0.5000000000000001,22.560501792114692,23.380133128520225,1.0977006488365948,2.032483094537736,26.983333333333334
2009-11-01,26.983333333333334,-0.5000000000000004,0.8660254037844384,24.45709677419355,23.69957757296467,2.1880292231006244,2.2792825076701813,25.770967741935483
2009-12-01,25.770967741935483,-2.4492935982947064e-16,1.0,25.305197132616485,23.858179723502303,1.953128231681153,2.356942135304466,28.080645161290324
2010-01-01,28.080645161290324,0.49999999999999994,0.8660254037844387,26.944982078853048,24.055491551459294,1.1553162161978345,2.6116690959614903,28.42142857142857
2010-02-01,28.42142857142857,0.8660254037844386,0.5000000000000001,27.424347158218126,24.201920122887866,1.44197120421902,2.8127513753485522,26.509677419354837
2010-03-01,26.509677419354837,1.0,6.123233995736766e-17,27.67058371735791,24.24304915514593,1.019711188383218,2.8451132570490913,24.503333333333334
2010-04-01,24.503333333333334,0.8660254037844387,-0.4999999999999998,26.478146441372246,24.30360471070149,1.9592379196069143,2.8420158566500295,22.648387096774194
2010-05-01,22.648387096774194,0.49999999999999994,-0.8660254037844387,24.55379928315412,24.29769073220686,1.9311397794779628,2.845683707825234,20.223333333333336
2010-06-01,20.223333333333336,1.2246467991473532e-16,-1.0,22.458351254480288,24.30269073220686,2.1463189921391286,2.8378008535249593,21.54516129032258
2010-07-01,21.54516129032258,-0.4999999999999997,-0.8660254037844388,21.472293906810037,24.363981054787505,1.2141678963716052,2.7624429093620195,20.887096774193548
2010-08-01,20.887096774193548,-0.8660254037844385,-0.5000000000000004,20.885197132616486,24.330110087045572,0.6609160260183993,2.805666340019121,22.206666666666667
2010-09-01,22.206666666666667,-1.0,-1.8369701987210297e-16,21.546308243727598,24.24511008704557,0.659785693924001,2.857114315087423,22.20967741935484
2010-10-01,22.20967741935484,-0.8660254037844386,0.5000000000000001,21.76781362007168,24.165809011776755,0.7627246476402286,2.90277267516679,23.886666666666667
2010-11-01,23.886666666666667,-0.5000000000000004,0.8660254037844384,22.76767025089606,23.9077534562212,0.9690804920327396,2.763846896658854,26.106451612903225
2010-12-01,26.106451612903225,-2.4492935982947064e-16,1.0,24.067598566308245,23.935710445468512,1.954677605925605,2.78601496668649,27.038709677419355
2011-01-01,27.038709677419355,0.49999999999999994,0.8660254037844387,25.677275985663083,23.848882488479262,1.6192552530936872,2.6584056166037846,27.539285714285715
2011-02-01,27.539285714285715,0.8660254037844386,0.5000000000000001,26.894815668202767,23.775370583717358,0.7271743291244461,2.5295413693708304,25.009677419354837
2011-03-01,25.009677419354837,1.0,6.123233995736766e-17,26.5292242703533,23.650370583717358,1.3395562946199135,2.416683573262234,25.040000000000003
2011-04-01,25.040000000000003,0.8660254037844387,-0.4999999999999998,25.86298771121352,23.69509280593958,1.4517958227836985,2.438767907300554,21.593548387096774
2011-05-01,21.593548387096774,0.49999999999999994,-0.8660254037844387,23.881075268817202,23.607189580133127,1.9811144062545705,2.498211184390547,20.083333333333332
2011-06-01,20.083333333333332,1.2246467991473532e-16,-1.0,22.238960573476703,23.595522913466464,2.540581385993522,2.515715997046004,20.206451612903226
2011-07-01,20.206451612903226,-0.4999999999999997,-0.8660254037844388,20.627777777777776,23.483963773681513,0.8386442511930247,2.6414454195715455,21.496774193548386
2011-08-01,21.496774193548386,-0.8660254037844385,-0.5000000000000004,20.59551971326165,23.53477022529442,0.782933111043661,2.5923629378756594,20.71333333333333
2011-09-01,20.71333333333333,-1.0,-1.8369701987210297e-16,20.80551971326165,23.410325780849973,0.6500821771235371,2.6956971042120066,22.81935483870968
2011-10-01,22.81935483870968,-0.8660254037844386,0.5000000000000001,21.676487455197133,23.461132232462877,1.0644502278575803,2.676689377747584,22.616666666666667
2011-11-01,22.616666666666667,-0.5000000000000004,0.8660254037844384,22.04978494623656,23.35529889912954,1.1618295094354865,2.683433358391369,24.56451612903226
2011-12-01,24.56451612903226,-2.4492935982947064e-16,1.0,23.33351254480287,23.22680427547363,1.0708865449059735,2.5744230618121224,24.94193548387097
2012-01-01,24.94193548387097,0.49999999999999994,0.8660254037844387,24.041039426523298,23.05207309267793,1.2478940907055647,2.3538918556071935,26.46551724137931
2012-02-01,26.46551724137931,0.8660254037844386,0.5000000000000001,25.323989618094178,22.9625923866024,1.0064419150621584,2.1819365425007815,25.47741935483871
2012-03-01,25.47741935483871,1.0,6.123233995736766e-17,25.628290693363,23.001570881226055,0.7729145900707061,2.225572112408504,24.85
2012-04-01,24.85,0.8660254037844387,-0.4999999999999998,25.597645532072672,22.98573754789272,0.8144413665622013,2.210375782620921,21.838709677419356
2012-05-01,21.838709677419356,0.49999999999999994,-0.8660254037844387,24.055376344086024,23.006167655419603,1.9451534888126059,2.197433331474984,22.19
2012-06-01,22.19,1.2246467991473532e-16,-1.0,22.959569892473116,23.18172321097516,1.6465557130773598,2.019657438086517,21.225806451612904
2012-07-01,21.225806451612904,-0.4999999999999997,-0.8660254037844388,21.751505376344088,23.266669447534298,0.48797616978927344,1.90109912632843,21.5
2012-08-01,21.5,-0.8660254037844385,-0.5000000000000004,21.638602150537636,23.2669382647386,0.49681507302811245,1.9008263186168401,22.44
2012-09-01,22.44,-1.0,-1.8369701987210297e-16,21.72193548387097,23.41082715362749,0.6367951102881173,1.7492603171536718,24.251612903225805
2012-10-01,24.251612903225805,-0.8660254037844386,0.5000000000000001,22.730537634408602,23.530181992337162,1.3986252107177926,1.7540903489736237,23.423333333333336
2012-11-01,23.423333333333336,-0.5000000000000004,0.8660254037844384,23.37164874551971,23.597404214559386,0.9069116827158912,1.7312066978045464,27.206451612903226
2012-12-01,27.206451612903226,-2.4492935982947064e-16,1.0,24.960465949820787,23.81756550488197,1.9886805828373166,2.010791537476435,25.719354838709677
2013-01-01,25.719354838709677,0.49999999999999994,0.8660254037844387,25.449713261648743,23.882350451118526,1.9059186536586157,2.062177543466611,27.210714285714285
2013-02-01,27.210714285714285,0.8660254037844386,0.5000000000000001,26.712173579109063,23.94445020481311,0.859808892173755,2.1561185037593793,25.73225806451613
2013-03-01,25.73225806451613,1.0,6.123233995736766e-17,26.2207757296467,23.965686763952892,0.8573362128715555,2.1737727500141717,23.57
2013-04-01,23.57,0.8660254037844387,-0.4999999999999998,25.504324116743472,23.85902009728623,1.8310285472819405,2.1577806872746934,22.193548387096776
2013-05-01,22.193548387096776,0.49999999999999994,-0.8660254037844387,23.831935483870968,23.888589989759343,1.7838369302008208,2.129828028065355,22.153333333333332
2013-06-01,22.153333333333332,1.2246467991473532e-16,-1.0,22.638960573476698,23.885534434203787,0.8065544761160085,2.132511054938487,20.383870967741935
2013-07-01,20.383870967741935,-0.4999999999999997,-0.8660254037844388,21.576917562724017,23.815373143881214,1.0334042993842478,2.2391569071830966,20.883870967741935
2013-08-01,20.883870967741935,-0.8660254037844385,-0.5000000000000004,21.140358422939066,23.764029057859705,0.9121889205729151,2.3032226007786623,22.41
2013-09-01,22.41,-1.0,-1.8369701987210297e-16,21.22591397849462,23.7615290578597,1.0554831972812753,2.3048061361895193,22.82903225806452
2013-10-01,22.82903225806452,-0.8660254037844386,0.5000000000000001,22.040967741935486,23.642980670762928,1.0237439704151194,2.3138745162158822,23.959999999999997
2013-11-01,23.959999999999997,-0.5000000000000004,0.8660254037844384,23.066344086021505,23.687702892985154,0.801787177351983,2.314429507971676,25.35483870967742
2013-12-01,25.35483870967742,-2.4492935982947064e-16,1.0,24.047956989247314,23.533401817716335,1.2651983566699372,2.1113215774290865,28.596774193548388
2014-01-01,28.596774193548388,0.49999999999999994,0.8660254037844387,25.9705376344086,23.773186763952893,2.378914165102512,2.508238320515796,28.239285714285717
2014-02-01,28.239285714285717,0.8660254037844386,0.5000000000000001,27.396966205837174,23.85890104966718,1.777544102443078,2.649959438858256,26.59032258064516
2014-03-01,26.59032258064516,1.0,6.123233995736766e-17,27.80879416282642,23.930406426011263,1.0702589642880258,2.7158620957121595,24.209999999999997
2014-04-01,24.209999999999997,0.8660254037844387,-0.4999999999999998,26.346536098310292,23.983739759344598,2.0256751290776136,2.714424810887175,22.41290322580645
2014-05-01,22.41290322580645,0.49999999999999994,-0.8660254037844387,24.404408602150536,24.002019329237072,2.0954842268525273,2.701983364918861,22.103333333333335
2014-06-01,22.103333333333335,1.2246467991473532e-16,-1.0,22.90874551971326,23.99785266257041,1.1374998006289887,2.7051300659964546,21.04516129032258
2014-07-01,21.04516129032258,-0.4999999999999997,-0.8660254037844388,21.85379928315412,24.052960189452122,0.7172028528730098,2.630521828433234,21.151612903225807
2014-08-01,21.151612903225807,-0.8660254037844385,-0.5000000000000004,21.433369175627245,24.075272017409116,0.5826422280699333,2.6021811088643005,22.813333333333333
2014-09-01,22.813333333333333,-1.0,-1.8369701987210297e-16,21.670035842293903,24.10888312852023,0.9915542603584337,2.5812367301098873,23.603225806451615
2014-10-01,23.603225806451615,-0.8660254037844386,0.5000000000000001,22.522724014336916,24.17339925755248,1.2513759583079997,2.5558904644946914,24.94
2014-11-01,24.94,-0.5000000000000004,0.8660254037844384,23.78551971326165,24.25506592421915,1.0749888739529527,2.5640954608046207,27.03548387096774
2014-12-01,27.03548387096774,-2.4492935982947064e-16,1.0,25.19290322580645,24.39511968766001,1.7300488104606515,2.673205157457427,28.812903225806455
2015-01-01,28.812903225806455,0.49999999999999994,0.8660254037844387,26.929462365591395,24.413130440348183,1.9386271608581886,2.7046307445655917,27.474999999999998
2015-02-01,27.474999999999998,0.8660254037844386,0.5000000000000001,27.7744623655914,24.34943996415771,0.9257770638997856,2.613813052504951,25.95483870967742
2015-03-01,25.95483870967742,1.0,6.123233995736766e-17,27.41424731182796,24.296482974910393,1.4300004760240301,2.5703608223292624,24.540000000000003
2015-04-01,24.540000000000003,0.8660254037844387,-0.4999999999999998,25.98994623655914,24.323982974910397,1.467814924925026,2.5711166403861445,22.51290322580645
2015-05-01,22.51290322580645,0.49999999999999994,-0.8660254037844387,24.335913978494627,24.33231630824373,1.7300197388795229,2.56451305461187,21.766666666666666
2015-06-01,21.766666666666666,1.2246467991473532e-16,-1.0,22.93985663082437,24.30426075268817,1.4351171910288576,2.592800291901605,21.990322580645163
2015-07-01,21.990322580645163,-0.4999999999999997,-0.8660254037844388,22.089964157706092,24.38302419354839,0.38296681769885715,2.497396522446157,22.23225806451613
2015-08-01,22.23225806451613,-0.8660254037844385,-0.5000000000000004,21.99641577060932,24.473077956989247,0.2328554973811215,2.3873405352635575,23.18
2015-09-01,23.18,-1.0,-1.8369701987210297e-16,22.46752688172043,24.5036335125448,0.6287659761724063,2.3664211149833685,24.351612903225806
2015-10-01,24.351612903225806,-0.8660254037844386,0.5000000000000001,23.254623655913978,24.565999103942655,1.0616462455106372,2.350341183209775,24.959999999999997
2015-11-01,24.959999999999997,-0.5000000000000004,0.8660254037844384,24.163870967741932,24.56766577060932,0.9047293936610402,2.350637576080934,26.845161290322583
2015-12-01,26.845161290322583,-2.4492935982947064e-16,1.0,25.385591397849463,24.551805555555557,1.3001122713599451,2.3330492778904937,26.03548387096774
2016-01-01,26.03548387096774,0.49999999999999994,0.8660254037844387,25.94688172043011,24.320353942652332,0.9456986985517641,1.9834730344556541,27.67241379310345
2016-02-01,27.67241379310345,0.8660254037844386,0.5000000000000001,26.851019651464593,24.336805092077615,0.8184806856561598,2.0126211735987507,26.725806451612904
2016-03-01,26.725806451612904,1.0,6.123233995736766e-17,26.81123470522803,24.401052403905577,0.8218019118878478,2.0801408600872757,26.3
2016-04-01,26.3,0.8660254037844387,-0.4999999999999998,26.899406748238786,24.54771907057224,0.7024832397406473,2.151646476977145,22.44516129032258
2016-05-01,22.44516129032258,0.49999999999999994,-0.8660254037844387,25.156989247311827,24.542073909281914,2.3581424755069462,2.1575512100484384,19.80666666666667
2016-06-01,19.80666666666667,1.2246467991473532e-16,-1.0,22.85060931899642,24.378740575948584,3.265598799976949,2.4421741900780094,21.029032258064515
2016-07-01,21.029032258064515,-0.4999999999999997,-0.8660254037844388,21.093620071684587,24.298633049066865,1.3204325651150206,2.5413911942758363,21.61935483870968
2016-08-01,21.61935483870968,-0.8660254037844385,-0.5000000000000004,20.818351254480287,24.24755778024966,0.924526617366624,2.5923433270879426,22.576666666666664
2016-09-01,22.576666666666664,-1.0,-1.8369701987210297e-16,21.74168458781362,24.197280002471885,0.7810355249980614,2.620627031499611,23.55483870967742
2016-10-01,23.55483870967742,-0.8660254037844386,0.5000000000000001,22.58362007168459,24.13088215300952,0.967760670865934,2.6264485959347668,24.15
2016-11-01,24.15,-0.5000000000000004,0.8660254037844384,23.427168458781363,24.063382153009517,0.7943986493991317,2.6135800696613334,26.625806451612902
2016-12-01,26.625806451612902,-2.4492935982947064e-16,1.0,24.776881720430108,24.045102583117043,1.6286332418807443,2.5930417728118202,28.345161290322583
2017-01-01,28.345161290322583,0.49999999999999994,0.8660254037844387,26.373655913978496,24.23757570139661,2.108916661031708,2.829180067380304,28.24642857142857
2017-02-01,28.24642857142857,0.8660254037844386,0.5000000000000001,27.739132104454683,24.285410266257042,0.9654312737847454,2.896584026690448,25.858064516129033
2017-03-01,25.858064516129033,1.0,6.123233995736766e-17,27.48321812596006,24.21309843830005,1.4082898242567328,2.8404088870674955,24.233333333333334
2017-04-01,24.233333333333334,0.8660254037844387,-0.4999999999999998,26.112608806963646,24.04087621607783,2.018620307165985,2.7639970151917472,22.138709677419353
2017-05-01,22.138709677419353,0.49999999999999994,-0.8660254037844387,24.076702508960576,24.015338581669226,1.8646179274628514,2.781441416164998,21.496666666666666
2017-06-01,21.496666666666666,1.2246467991473532e-16,-1.0,22.622903225806454,24.15617191500256,1.4311424301360283,2.584804554965867,20.306451612903224
2017-07-01,20.306451612903224,-0.4999999999999997,-0.8660254037844388,21.313942652329747,24.095956861239117,0.9296953548380203,2.671247481797422,20.538709677419355
2017-08-01,20.538709677419355,-0.8660254037844385,-0.5000000000000004,20.780609318996415,24.005903097798257,0.6309037533549344,2.7783960052875876,22.376666666666665
2017-09-01,22.376666666666665,-1.0,-1.8369701987210297e-16,21.073942652329748,23.98923643113159,1.1341531401360678,2.7883310293777335,24.051612903225806
2017-10-01,24.051612903225806,-0.8660254037844386,0.5000000000000001,22.322329749103943,24.030634280593958,1.7570818546464388,2.7849810393329197,24.27
2017-11-01,24.27,-0.5000000000000004,0.8660254037844384,23.566093189964153,24.04063428059396,1.0358449795948335,2.7856639661690585,25.44516129032258
2017-12-01,25.44516129032258,-2.4492935982947064e-16,1.0,24.588924731182797,23.942247183819763,0.7495191891571742,2.705761223323413,26.65806451612903
2018-01-01,26.65806451612903,0.49999999999999994,0.8660254037844387,25.45774193548387,23.8016557859703,1.1940819644283118,2.491538437364018,26.214285714285715
2018-02-01,26.214285714285715,0.8660254037844386,0.5000000000000001,26.105837173579108,23.632310547875065,0.6136810028661518,2.2157708688185145,27.003225806451614
2018-03-01,27.003225806451614,1.0,6.123233995736766e-17,26.62519201228879,23.727740655401945,0.3954959777141604,2.34144190350513,24.706666666666667
2018-04-01,24.706666666666667,0.8660254037844387,-0.4999999999999998,25.974726062467997,23.76718509984639,1.166870854343593,2.3546830296544528,22.451612903225808
2018-05-01,22.451612903225808,0.49999999999999994,-0.8660254037844387,24.7205017921147,23.793260368663592,2.2758379914275184,2.3366738761619503,21.88
2018-06-01,21.88,1.2246467991473532e-16,-1.0,23.012759856630822,23.82520481310804,1.4945486069705753,2.3048263605429695,21.73548387096774
2018-07-01,21.73548387096774,-0.4999999999999997,-0.8660254037844388,22.022365591397847,23.944290834613415,0.37869667138888474,2.1373220678869806,20.91290322580645
2018-08-01,20.91290322580645,-0.8660254037844385,-0.5000000000000004,21.5094623655914,23.97547363031234,0.5216640042528159,2.085213336726123,22.706666666666667
2018-09-01,22.706666666666667,-1.0,-1.8369701987210297e-16,21.78501792114695,24.00297363031234,0.8979070313995724,2.0642822582781037,23.612903225806452
2018-10-01,23.612903225806452,-0.8660254037844386,0.5000000000000001,22.41082437275986,23.966414490527395,1.374096793223754,2.067225280273917,24.4
2018-11-01,24.4,-0.5000000000000004,0.8660254037844384,23.573189964157706,23.977247823860726,0.8473649165544459,2.0693004494837215,26.083870967741937
2018-12-01,26.083870967741937,-2.4492935982947064e-16,1.0,24.698924731182796,24.03047363031234,1.2623142998499972,2.118128314857581,28.687096774193545
2019-01-01,28.687096774193545,0.49999999999999994,0.8660254037844387,26.39032258064516,24.19955965181771,2.159915306467657,2.4080918018799617,27.235714285714288
2019-02-01,27.235714285714288,0.8660254037844386,0.5000000000000001,27.335560675883254,24.284678699436764,1.304481937807537,2.502001711648806,26.887096774193548
2019-03-01,26.887096774193548,1.0,6.123233995736766e-17,27.603302611367127,24.275001280081923,0.9546417562976519,2.4907300107224257,26.14333333333333
2019-04-01,26.14333333333333,0.8660254037844387,-0.4999999999999998,26.75538146441372,24.394723502304146,0.5579746664534482,2.547252076949374,24.596774193548388
2019-05-01,24.596774193548388,0.49999999999999994,-0.8660254037844387,25.87573476702509,24.573486943164365,1.1683754214167592,2.4726705078972846,23.136666666666667
2019-06-01,23.136666666666667,1.2246467991473532e-16,-1.0,24.625591397849462,24.678209165386587,1.5035404665517733,2.3728209815420342,21.135483870967743
2019-07-01,21.135483870967743,-0.4999999999999997,-0.8660254037844388,22.9563082437276,24.628209165386583,1.737679356164764,2.445670457772075,21.154838709677417
2019-08-01,21.154838709677417,-0.8660254037844385,-0.5000000000000004,21.808996415770608,24.648370455709166,1.1498368900765559,2.4130378860491484,22.459999999999997
2019-09-01,22.459999999999997,-1.0,-1.8369701987210297e-16,21.583440860215052,24.62781490015361,0.759184165140785,2.432057705491799,24.361290322580647
2019-10-01,24.361290322580647,-0.8660254037844386,0.5000000000000001,22.658709677419353,24.69018049155146,1.6124351578892355,2.4131885272978524,23.813333333333333
2019-11-01,23.813333333333333,-0.5000000000000004,0.8660254037844384,23.544874551971322,24.641291602662573,0.9786617447577497,2.42551292215254,25.151612903225807
2019-12-01,25.151612903225807,-2.4492935982947064e-16,1.0,24.442078853046596,24.563603430619562,0.6727875903945052,2.3897738476336228,26.26451612903226
2020-01-01,26.26451612903226,0.49999999999999994,0.8660254037844387,25.076487455197135,24.361721710189453,1.2273170532460473,2.0937578521050417,25.879310344827587
2020-02-01,25.879310344827587,0.8660254037844386,0.5000000000000001,25.765146459028553,24.248688048448894,0.5651667383330323,1.9566196269758909,24.661290322580644
2020-03-01,24.661290322580644,1.0,6.123233995736766e-17,25.601705598813496,24.06320417748115,0.8368880109519489,1.7814231503645728,23.403333333333332
2020-04-01,23.403333333333332,0.8660254037844387,-0.4999999999999998,24.64797800024719,23.83487084414782,1.2380421857942698,1.6621730502786836,21.616129032258065
2020-05-01,21.616129032258065,0.49999999999999994,-0.8660254037844387,23.226917562724015,23.586483747373624,1.5302266871641284,1.7579165471885767,22.416666666666668
2020-06-01,22.416666666666668,1.2246467991473532e-16,-1.0,22.478709677419356,23.52648374737362,0.8952160660045595,1.786716466591759,21.729032258064517
2020-07-01,21.729032258064517,-0.4999999999999997,-0.8660254037844388,21.920609318996416,23.575946112965024,0.4332914189461228,1.7215348910471333,21.432258064516127
2020-08-01,21.432258064516127,-0.8660254037844385,-0.5000000000000004,21.85931899641577,23.599064392534913,0.5049713354630984,1.6875945798309988,23.983333333333334
2020-09-01,23.983333333333334,-1.0,-1.8369701987210297e-16,22.38154121863799,23.72600883697936,1.3951065244324377,1.6510202451663918,24.051612903225806
2020-10-01,24.051612903225806,-0.8660254037844386,0.5000000000000001,23.15573476702509,23.700202385366456,1.4929649972401657,1.6425863784153578,23.603333333333335
2020-11-01,23.603333333333335,-0.5000000000000004,0.8660254037844384,23.879426523297493,23.682702385366454,0.24152869824187903,1.6423901684038644,25.809677419354838
2020-12-01,25.809677419354838,-2.4492935982947064e-16,1.0,24.48820788530466,23.737541095043877,1.1661689158362358,1.705662691655209,27.364516129032257
2021-01-01,27.364516129032257,0.49999999999999994,0.8660254037844387,25.59250896057348,23.829207761710546,1.8899723834708122,1.874970281853954,25.95357142857143
2021-02-01,25.95357142857143,0.8660254037844386,0.5000000000000001,26.375921658986176,23.83539618535586,0.8591656657049604,1.8824594638861376,26.79032258064516
2021-03-01,26.79032258064516,1.0,6.123233995736766e-17,26.70280337941628,24.012815540194577,0.7095322014378973,2.059389744360246,23.896666666666665
2021-04-01,23.896666666666665,0.8660254037844387,-0.4999999999999998,25.54685355862775,24.053926651305684,1.4890855269003758,2.0510238647119547,22.5
2021-05-01,22.5,0.49999999999999994,-0.8660254037844387,24.395663082437277,24.127582565284175,2.188256161584423,1.9697811671727607,21.32
2021-06-01,21.32,1.2246467991473532e-16,-1.0,22.572222222222223,24.03619367639529,1.289850694776176,2.078799474623203,19.593548387096774
2021-07-01,19.593548387096774,-0.4999999999999997,-0.8660254037844388,21.137849462365594,23.85823668714798,1.4617624151369646,2.3658471265577936,21.59032258064516
2021-08-01,21.59032258064516,-0.8660254037844385,-0.5000000000000004,20.83462365591398,23.87140873015873,1.0832679454103962,2.3515089734246324,23.003333333333334
2021-09-01,23.003333333333334,-1.0,-1.8369701987210297e-16,21.39573476702509,23.78974206349206,1.713200705639062,2.3642514367420775,22.08709677419355
2021-10-01,22.08709677419355,-0.8660254037844386,0.5000000000000001,22.226917562724015,23.62603238607271,0.7168069729584204,2.412003086086625,22.426666666666666
2021-11-01,22.426666666666666,-0.5000000000000004,0.8660254037844384,22.50569892473118,23.52797683051715,0.4632029052552666,2.4367999122991555,24.387096774193548
2021-12-01,24.387096774193548,-2.4492935982947064e-16,1.0,22.96695340501792,23.40942844342038,1.2415443285394365,2.348717576541685,26.261290322580646
2022-01-01,26.261290322580646,0.49999999999999994,0.8660254037844387,24.358351254480286,23.317492959549412,1.9174734350966234,2.1964887015521364,25.875
2022-02-01,25.875,0.8660254037844386,0.5000000000000001,25.507795698924735,23.310945340501792,0.9895855765166951,2.1880170949938513,26.65806451612903
2022-03-01,26.65806451612903,1.0,6.123233995736766e-17,26.26478494623656,23.299923835125444,0.3915439546216627,2.1691491838861494,24.273333333333333
2022-04-01,24.273333333333333,0.8660254037844387,-0.4999999999999998,25.602132616487452,23.33131272401434,1.2155567285355602,2.1812609134408047,21.98709677419355
2022-05-01,21.98709677419355,0.49999999999999994,-0.8660254037844387,24.306164874551968,23.288570788530468,2.3356569405895935,2.203938707603614,20.36
2022-06-01,20.36,1.2246467991473532e-16,-1.0,22.206810035842295,23.208570788530466,1.9658967120508788,2.2973356110856873,21.59032258064516
2022-07-01,21.59032258064516,-0.4999999999999997,-0.8660254037844388,21.31247311827957,23.374968637992833,0.8483874238519553,2.073059692544397,20.851612903225806
2022-08-01,20.851612903225806,-0.8660254037844385,-0.5000000000000004,20.933978494623656,23.313409498207886,0.6192830379526298,2.140735422895967,20.733333333333334
2022-09-01,20.733333333333334,-1.0,-1.8369701987210297e-16,21.058422939068098,23.12424283154122,0.4644194609354765,2.2671862239439724,23.809677419354838
2022-10-01,23.809677419354838,-0.8660254037844386,0.5000000000000001,21.79820788530466,23.267791218637996,1.7429873146332082,2.250017011473002,23.203333333333333
2022-11-01,23.203333333333333,-0.5000000000000004,0.8660254037844384,22.582114695340504,23.332513440860215,1.6295421691511682,2.2347409608997237,24.67096774193548
2022-12-01,24.67096774193548,-2.4492935982947064e-16,1.0,23.894659498207886,23.35616935483871,0.7374985794038337,2.2483799716782293,25.799999999999997
2023-01-01,25.799999999999997,0.49999999999999994,0.8660254037844387,24.558100358422937,23.317728494623655,1.3020075764525962,2.1975644670591055,26.95357142857143
2023-02-01,26.95357142857143,0.8660254037844386,0.5000000000000001,25.808179723502302,23.407609447004607,1.1413238271709945,2.3297475227353344,26.46451612903226
2023-03-01,26.46451612903226,1.0,6.123233995736766e-17,26.406029185867894,23.391480414746542,0.5790054421975948,2.3057449451839633,24.05666666666667
2023-04-01,24.05666666666667,0.8660254037844387,-0.4999999999999998,25.824918074756784,23.37342485919099,1.5507509642625281,2.2990502667078117,22.20967741935484
2023-05-01,22.20967741935484,0.49999999999999994,-0.8660254037844387,24.24362007168459,23.391973246287762,2.1335713705142365,2.28771874164969,21.113333333333333
2023-06-01,21.113333333333333,1.2246467991473532e-16,-1.0,22.459892473118277,23.45475102406554,1.4875343551074522,2.2058243757660234,21.05806451612903
2023-07-01,21.05806451612903,-0.4999999999999997,-0.8660254037844388,21.460358422939066,23.410396185355864,0.6495174203443026,2.2515989776973586,22.151612903225807
2023-08-01,22.151612903225807,-0.8660254037844385,-0.5000000000000004,21.441003584229392,23.518729518689195,0.6160258628677662,2.146095983051638,24.39
2023-09-01,24.39,-1.0,-1.8369701987210297e-16,22.53322580645161,23.823451740911413,1.6984315773974323,1.966755990845421,24.190322580645162
2023-10-01,24.190322580645162,-0.8660254037844386,0.5000000000000001,23.57731182795699,23.85517217101895,1.2387214521168959,1.9695811888841193,25.913333333333334
2023-11-01,25.913333333333334,-0.5000000000000004,0.8660254037844384,24.831218637992833,24.081005504352277,0.9424420026472533,2.0420772806602963,26.351612903225806
2023-12-01,26.351612903225806,-2.4492935982947064e-16,1.0,25.485089605734768,24.22105926779314,1.142514105948212,2.141433200203588,26.806451612903224
2024-01-01,26.806451612903224,0.49999999999999994,0.8660254037844387,26.35713261648745,24.30493023553508,0.44658472404591826,2.226899298287525,27.189655172413794
2024-02-01,27.189655172413794,0.8660254037844386,0.5000000000000001,26.782573229514274,24.324603880855275,0.4195311003146564,2.253312279048271,26.403225806451612
2024-03-01,26.403225806451612,1.0,6.123233995736766e-17,26.79977753058954,24.31949635397355,0.39325716070124306,2.2480842376183454,24.883333333333333
2024-04-01,24.883333333333333,0.8660254037844387,-0.4999999999999998,26.158738104066245,24.388385242862437,1.1724379658719484,2.251960654434348,24.432258064516127
2024-05-01,24.432258064516127,0.49999999999999994,-0.8660254037844387,25.239605734767025,24.57360029662588,1.0326548203319799,2.145356430036817,22.759999999999998
2024-06-01,22.759999999999998,1.2246467991473532e-16,-1.0,24.025197132616483,24.7108225188481,1.1186644102768966,1.9474420437242044,20.932258064516127
2024-07-01,20.932258064516127,-0.4999999999999997,-0.8660254037844388,22.70817204301075,24.700338647880358,1.750575506181904,1.969112052327117,21.280645161290323
2024-08-01,21.280645161290323,-0.8660254037844385,-0.5000000000000004,21.65763440860215,24.627758002719073,0.9704384653974145,2.084281219922899,23.946666666666665
2024-09-01,23.946666666666665,-1.0,-1.8369701987210297e-16,22.053189964157706,24.59081355827463,1.6490251391375448,2.09279039643337,23.532258064516128
2024-10-01,23.532258064516128,-0.8660254037844386,0.5000000000000001,22.91985663082437,24.535974848597203,1.4346408274452653,2.1127652577669154,24.040000000000003
2024-11-01,24.040000000000003,-0.5000000000000004,0.8660254037844384,23.83964157706093,24.379863737486094,0.2702614393801545,2.0705285641706936,25.406451612903226
2024-12-01,25.406451612903226,-2.4492935982947064e-16,1.0,24.326236559139787,24.30110029662588,0.9693290927465569,2.005665104454219,26.570967741935487
2025-01-01,26.570967741935487,0.49999999999999994,0.8660254037844387,25.33913978494624,24.2814766407119,1.2668257928051776,1.9799106860096098,28.224999999999998
2025-02-01,28.224999999999998,0.8660254037844386,0.5000000000000001,26.734139784946237,24.367755376344082,1.4163412686624925,2.1346716894824627,26.46451612903226
2025-03-01,26.46451612903226,1.0,6.123233995736766e-17,27.08682795698925,24.37286290322581,0.9871219205805712,2.14005115021407,24.476666666666667
2025-04-01,24.476666666666667,0.8660254037844387,-0.4999999999999998,26.388727598566305,24.338974014336916,1.8753156055600009,2.13444525176635,22.61935483870968
2025-05-01,22.61935483870968,0.49999999999999994,-0.8660254037844387,24.520179211469536,24.187898745519714,1.9229499066057272,2.1906604486413346,21.296666666666667
2025-06-01,21.296666666666667,1.2246467991473532e-16,-1.0,22.797562724014337,24.06595430107527,1.597472546802697,2.314594171175152,19.716129032258067
2025-07-01,19.716129032258067,-0.4999999999999997,-0.8660254037844388,21.21071684587814,23.964610215053767,1.4535200547572522,2.4846526779516482,20.90967741935484
2025-08-01,20.90967741935484,-0.8660254037844385,-0.5000000000000004,20.640824372759855,23.93369623655914,0.8238545223173243,2.5230927291393135,22.136666666666667
2025-09-01,22.136666666666667,-1.0,-1.8369701987210297e-16,20.920824372759856,23.782862903225805,1.2103073166863185,2.575798284519506,22.283870967741933
